nom pc;gm_esu;commentaires
L05-AIO00001;cdi;
L05-AIO00002;cdi;
L05-AIO00003;cdi;
L05-AIO00004;cdi;
L05-AIO00005;cdi;
L05-AIO00006;cdi;
L05-AIO00007;cdi;
L05-AIO00008;cdi;
L05-AIO00009;cdi;
L05-AIO00010;cdi;
L05-AIO00011;cdi;
L05-AIO00012;cdi;
L05-AIO00013;cdi;
L05-AIO00014;cdi;
L05-ORD00001;s207;
L05-ORD00002;s207;
L05-ORD00003;s207;
L05-ORD00004;s207;
L05-ORD00005;s207;
L05-ORD00006;s207;
L05-ORD00007;s207;
L05-ORD00008;s207;
L05-ORD00009;s207;
L05-ORD00010;s207;
L05-ORD00011;s207;
L05-ORD00012;s207;
L05-ORD00013;s207;
L05-ORD00014;s207;
L05-ORD00015;s207;
L05-ORD00016;s207;
L05-ORD00017;s207;
L05-ORD00018;s207;
L05-ORD00019;s207;
L05-ORD00020;s208;
L05-ORD00021;s208;
L05-ORD00022;s208;
L05-ORD00023;s208;
L05-ORD00024;s208;
L05-ORD00025;s208;
L05-ORD00026;s208;
L05-ORD00027;s208;
L05-ORD00028;s208;
L05-ORD00029;s208;
L05-ORD00030;;
L05-ORD00031;;
L05-ORD00032;;
L05-ORD00033;;
L05-ORD00034;;
L05-ORD00035;;
L05-ORD00036;s02;
L05-ORD00037;s02;
L05-ORD00038;s02;
L05-ORD00039;s02;
L05-ORD00040;math;s214
L05-ORD00041;s02;
L05-ORD00042;s02;
L05-ORD00043;s02;
L05-ORD00044;s02;
L05-ORD00045;s02;
L05-ORD00046;s02;
L05-ORD00047;s02;
L05-ORD00048;s02;
L05-ORD00049;s02;
L05-ORD00050;s02;
L05-ORD00051;s02;
L05-ORD00052;s02;
L05-ORD00053;s02;
L05-ORD00054;s02;
L05-ORD00055;s04;
L05-ORD00056;s04;
L05-ORD00057;s04;
L05-ORD00058;s03;
L05-ORD00059;;
L05-ORD00060;s03;
L05-ORD00061;s03;
L05-ORD00062;s03;
L05-ORD00063;s03;
L05-ORD00064;s03;
L05-ORD00065;s03;
L05-ORD00066;s03;
L05-ORD00067;s03;
L05-ORD00068;s03;
L05-ORD00069;s03;
L05-ORD00070;s03;
L05-ORD00071;s03;
L05-ORD00072;s03;
L05-ORD00073;s03;
L05-ORD00074;s03;
L05-ORD00075;s03;
L05-ORD00076;s03;
L05-ORD00077;s02;
L05-ORD00078;;
L05-ORD00079;;
L05-ORD00080;;
L05-ORD00081;;
L05-ORD00082;;
L05-ORD00083;;
L05-ORD00084;;
L05-ORD00085;;
L05-ORD00086;;
L05-ORD00087;;
L05-ORD00088;;
L05-ORD00089;;
L05-ORD00090;;
L05-ORD00091;;
L05-ORD00092;;
L05-ORD00093;;
L05-ORD00094;;
L05-ORD00095;;
L05-ORD00096;s04;
L05-ORD00097;s04;
L05-ORD00098;s04;
L05-ORD00099;svt_phy;s104
L05-ORD00100;;
L05-ORD00101;svt_phy;s107
L05-ORD00102;svt_phy;s107
L05-ORD00103;svt_phy;s107
L05-ORD00104;svt_phy;s107
L05-ORD00105;svt_phy;s107
L05-ORD00106;svt_phy;s107
L05-ORD00107;svt_phy;s107
L05-ORD00108;svt_phy;s107
L05-ORD00109;svt_phy;s107
L05-ORD00110;svt_phy;
L05-ORD00111;svt_phy;s107
L05-ORD00112;svt_phy;s107
L05-ORD00113;s04;
L05-ORD00114;s04;
L05-ORD00115;;
L05-ORD00116;;
L05-ORD00117;;
L05-ORD00118;;
L05-ORD00119;;
L05-ORD00120;;
L05-ORD00121;;
L05-ORD00122;;
L05-ORD00123;;
L05-ORD00124;;
L05-ORD00125;;
L05-ORD00126;;
L05-ORD00127;;
L05-ORD00128;;
L05-ORD00129;;
L05-ORD00130;;
L05-ORD00131;;
L05-ORD00132;;
L05-ORD00133;;
L05-ORD00134;;
L05-ORD00135;;
L05-ORD00136;;
L05-ORD00137;;
L05-ORD00138;;
L05-ORD00139;;
L05-ORD00140;s09;
L05-ORD00141;s09;
L05-ORD00142;s09;
L05-ORD00143;s09;
L05-ORD00144;s09;
L05-ORD00145;s09;
L05-ORD00146;s09;
L05-ORD00147;s09;
L05-ORD00148;s09;
L05-ORD00149;s09;
L05-ORD00150;s09;
L05-ORD00151;s09;
L05-ORD00152;s09;
L05-ORD00153;s09;
L05-ORD00154;s09;
L05-ORD00155;s09;
L05-ORD00156;s09;
L05-ORD00157;s09;
L05-ORD00158;s09;
L05-ORD00159;;
L05-ORD00160;;
L05-ORD00161;;
L05-ORD00162;;
L05-ORD00163;;
L05-ORD00164;;
L05-ORD00165;;
L05-ORD00166;;
L05-ORD00167;;
L05-ORD00168;;
L05-ORD00169;;
L05-ORD00170;;
L05-ORD00171;;
L05-ORD00172;;
L05-ORD00173;;
L05-ORD00174;;
L05-ORD00175;;
L05-ORD00176;;
L05-ORD00177;;
L05-ORD00178;;
L05-ORD00179;;
L05-ORD00180;;
L05-ORD00181;;
L05-ORD00182;;
L05-ORD00183;;
L05-ORD00184;;
L05-ORD00185;;
L05-ORD00186;;
L05-ORD00187;;
L05-ORD00188;;
L05-ORD00189;;
L05-ORD00190;s04;
L05-ORD00191;s10;
L05-ORD00192;s10;
L05-ORD00193;s10;
L05-ORD00194;s10;
L05-ORD00195;s10;
L05-ORD00196;s10;
L05-ORD00197;s10;
L05-ORD00198;s10;
L05-ORD00199;s10;
L05-ORD00200;s10;
L05-ORD00201;s10;
L05-ORD00202;s10;
L05-ORD00203;s10;
L05-ORD00204;s10;
L05-ORD00205;s10;
L05-ORD00206;s10;
L05-ORD00207;s10;
L05-ORD00208;s10;
L05-ORD00209;s10;
L05-ORD00210;;
L05-ORD00211;;
L05-ORD00212;;
L05-ORD00213;;
L05-ORD00214;;
L05-ORD00215;;
L05-ORD00216;;
L05-ORD00217;;
L05-ORD00218;s04;
L05-ORD00219;;
L05-ORD00220;;
L05-ORD00221;;
L05-ORD00222;;
L05-ORD00223;;
L05-ORD00224;;
L05-ORD00225;;
L05-ORD00226;svt_phy;s106
L05-ORD00227;svt_phy;s106
L05-ORD00228;svt_phy;s106
L05-ORD00229;svt_phy;s106
L05-ORD00230;svt_phy;s106
L05-ORD00231;svt_phy;s106
L05-ORD00232;svt_phy;s106
L05-ORD00233;svt_phy;s106
L05-ORD00234;svt_phy;s110
L05-ORD00235;;
L05-ORD00236;;
L05-ORD00237;;
L05-ORD00238;;
L05-ORD00239;;
L05-ORD00240;;
L05-ORD00241;s04;
L05-ORD00242;s210;
L05-ORD00243;s210;
L05-ORD00244;s210;
L05-ORD00245;s210;
L05-ORD00246;s210;
L05-ORD00247;s210;
L05-ORD00248;s210;
L05-ORD00249;s210;
L05-ORD00250;s210;
L05-ORD00251;s210;
L05-ORD00252;s01;
L05-ORD00253;s01;
L05-ORD00254;s01;
L05-ORD00255;s301;
L05-ORD00256;s301;
L05-ORD00257;s301;
L05-ORD00258;s301;
L05-ORD00259;s301;
L05-ORD00260;s301;
L05-ORD00261;;
L05-ORD00262;s301;
L05-ORD00263;s301;
L05-ORD00264;s301;
L05-ORD00265;s301;
L05-ORD00266;svt_phy;s104
L05-ORD00267;svt_phy;s104
L05-ORD00268;svt_phy;s104
L05-ORD00269;svt_phy;s104
L05-ORD00270;svt_phy;s104
L05-ORD00271;svt_phy;s104
L05-ORD00272;svt_phy;s104
L05-ORD00273;svt_phy;s104
L05-ORD00274;svt_phy;s104
L05-ORD00275;svt_phy;s104
L05-ORD00276;svt_phy;s104
L05-ORD00277;svt_phy;s104
L05-ORD00278;;
L05-ORD00279;;
L05-ORD00280;;
L05-ORD00281;;
L05-ORD00282;;
L05-ORD00283;;
L05-ORD00284;;
L05-ORD00285;;
L05-ORD00286;;
L05-ORD00287;;
L05-ORD00288;;
L05-ORD00289;;
L05-ORD00290;;
L05-ORD00291;;
L05-ORD00292;;
L05-ORD00293;;
L05-ORD00294;svt_phy;s107
L05-ORD00295;;
L05-ORD00296;s04;
L05-ORD00297;svt_phy;s109
L05-ORD00298;s04;
L05-ORD00299;s301;
L05-ORD00300;s301;
L05-ORD00301;;
L05-ORD00302;;
L05-ORD00303;;
L05-ORD00304;;
L05-ORD00305;s301;
L05-ORD00306;s301;
L05-ORD00307;s301;
L05-ORD00308;;
L05-ORD00309;s04;
L05-ORD00310;;
L05-ORD00311;s04;
L05-ORD00312;s09;
L05-ORD00313;s04;
L05-ORD00314;svt_phy;s108
L05-ORD00315;svt_phy;s108
L05-ORD00316;svt_phy;s108
L05-ORD00317;svt_phy;s108
L05-ORD00318;;
L05-ORD00319;svt_phy;s108
L05-ORD00320;svt_phy;s108
L05-ORD00321;svt_phy;s108
L05-ORD00322;;
L05-ORD00323;;
L05-ORD00324;;
L05-ORD00325;;
L05-ORD00326;;
L05-ORD00327;;
L05-ORD00328;;
L05-ORD00329;;
L05-ORD00330;;
L05-ORD00331;s301;
L05-ORD00332;s301;
L05-ORD00333;s301;
L05-ORD00334;s301;
L05-ORD00335;s301;
L05-ORD00336;s301;
L05-ORD00337;s212;
L05-ORD00338;s212;
L05-ORD00339;s212;
L05-ORD00340;s212;
L05-ORD00341;s212;
L05-ORD00342;s212;
L05-ORD00343;s212;
L05-ORD00344;s212;
L05-ORD00345;s212;
L05-ORD00346;;
L05-ORD00347;;
L05-ORD00348;;
L05-ORD00349;;
L05-ORD00350;;
L05-ORD00351;;
L05-ORD00352;;
L05-ORD00353;;
L05-ORD00354;;
L05-ORD00355;;
L05-ORD00356;;
L05-ORD00357;;
L05-ORD00358;;
L05-ORD00359;;
L05-ORD00360;;
L05-ORD00361;;
L05-ORD00362;;
L05-ORD00363;;
L05-ORD00364;;
L05-ORD00365;;
L05-ORD00366;;
L05-ORD00367;s301;
L05-ORD00368;;
L05-ORD00369;;
L05-ORD00370;p_prof;s201
L05-ORD00371;p_prof;s213
L05-ORD00372;svt_phy;s101
L05-ORD00373;s208;
L05-ORD00374;math;s206
L05-ORD00375;s207;s205
L05-ORD00376;s210;
L05-ORD00377;s212;
L05-ORD00378;p_prof;s211
L05-ORD00379;p_prof;s100
L05-ORD00380;p_prof;s203
L05-ORD00381;p_prof;s309
L05-ORD00382;p_prof;s305
L05-ORD00383;p_prof;s310
L05-ORD00384;p_prof;s306
L05-ORD00385;p_prof;s304
L05-ORD00386;p_prof;s204
L05-ORD00387;p_prof;s308
L05-ORD00388;p_prof;s202
L05-ORD00389;p_prof;s303
L05-ORD00390;p_prof;s307
L05-ORD00391;p_prof;s311
L05-ORD00392;;
L05-ORD00393;s300;
L05-ORD00394;p_prof;s302
L05-ORD00395;p_prof;s205
L05-ORD00396;p_prof;s215
L05-ORD00397;p_prof;s312
L05-ORD00398;;
L05-ORD00399;;
L05-ORD00400;;
L05-ORD00401;;
L05-ORD00402;s04;
L05-ORD00403;;
L05-ORD00404;;
L05-ORD00405;;
L05-ORD00406;;
L05-ORD00407;;
L05-ORD00408;;
L05-ORD00409;;
L05-ORD00410;;
L05-ORD00411;;
L05-ORD00412;;
L05-ORD00413;;
L05-ORD00414;;
L05-ORD00415;;
L05-ORD00416;;
L05-ORD00417;;
L05-ORD00418;;
L05-ORD00419;;
L05-ORD00420;;
L05-ORD00421;;
L05-ORD00422;;
L05-ORD00423;;
L05-ORD00424;;
L05-ORD00425;;
L05-ORD00426;s108;
L05-ORD00427;;
L05-ORD00428;;
L05-ORD00429;;
L05-ORD00430;;
L05-ORD00431;;
L05-ORD00432;;
L05-ORD00433;;
L05-ORD00434;s04;
L05-ORD00435;;
L05-ORD00436;;
L05-ORD00437;;
L05-ORD00438;;
L05-ORD00439;;
L05-ORD00440;;
L05-ORD00441;s108;
L05-ORD00442;;
L05-ORD00443;s106;
L05-ORD00444;;
L05-ORD00445;s11;
L05-ORD00446;s11;
L05-ORD00447;s11;
L05-ORD00448;s11;
L05-ORD00449;s11;
L05-ORD00450;s11;
L05-ORD00451;s11;
L05-ORD00452;s11;
L05-ORD00453;s11;
L05-ORD00454;s11;
L05-ORD00455;s11;
L05-ORD00456;s11;
L05-ORD00457;s11;
L05-ORD00458;s11;
L05-ORD00459;s11;
L05-ORD00460;s11;
L05-ORD00461;s08;
L05-ORD00462;s08;
L05-ORD00463;s08;
L05-ORD00464;s08;
L05-ORD00465;s08;
L05-ORD00466;s08;
L05-ORD00467;s08;
L05-ORD00468;s08;
L05-ORD00469;s08;
L05-ORD00470;s08;
L05-ORD00471;s08;
L05-ORD00472;s08;
L05-ORD00473;s08;
L05-ORD00474;s08;
L05-ORD00475;s08;
L05-ORD00476;s08;
L05-ORD00477;s300;
L05-ORD00478;s300;
L05-ORD00479;s300;
L05-ORD00480;s300;
L05-ORD00481;s300;
L05-ORD00482;s300;
L05-ORD00483;s300;
L05-ORD00484;s300;
L05-ORD00485;s300;
L05-ORD00486;s300;
L05-ORD00487;s300;
L05-ORD00488;s300;
L05-ORD00489;s300;
L05-ORD00490;s300;
L05-ORD00491;s300;
L05-ORD00492;s300;
L05-ORD00493;;
L05-ORD00494;;
L05-ORD00495;;
L05-ORD00496;;
L05-ORD00497;;
L05-ORD00498;;
L05-ORD00499;;
L05-ORD00500;;
L05-ORD00501;;
L05-ORD00502;;
L05-ORD00503;;
L05-ORD00504;;
L05-ORD00505;;
L05-ORD00506;;
L05-ORD00507;;
L05-ORD00508;;
L05-ORD00509;;
L05-ORD00510;;
L05-ORD00511;;
L05-ORD00512;;
L05-ORD00513;;
L05-ORD00514;;
L05-ORD00515;;
L05-ORD00516;;
L05-ORD00517;;
L05-ORD00518;;
L05-ORD00519;;
L05-ORD00520;;
L05-ORD00521;;
L05-ORD00522;;
L05-ORD00523;;
L05-ORD00524;;
L05-ORD00525;;
L05-ORD00526;;
L05-ORD00527;;
L05-ORD00528;;
L05-ORD00529;;
L05-ORD00530;;
L05-ORD00531;;
L05-ORD00532;;
L05-POR00001;;rebut
L05-POR00002;;rebut
L05-POR00003;;rebut
L05-POR00004;;rebut
L05-POR00005;;rebut
L05-POR00006;;rebut
L05-POR00007;;rebut
L05-POR00008;;ddfpt
L05-POR00009;;HS
L05-POR00010;;ddfpt
L05-POR00011;;s209
L05-POR00012;;
L05-POR00013;;
L05-POR00014;;
L05-POR00015;;
L05-POR00016;;
L05-POR00017;;
L05-POR00018;;ddfpt
L05-POR00019;;gestion
L05-POR00020;;
L05-POR00021;;
L05-POR00022;;
L05-POR00023;;prov_adj
L05-POR00024;;s209
L05-POR00025;;
L05-POR00026;;
L05-POR00027;;proviseur
L05-POR00028;;ddfpt
L05-POR00029;;magazin
L05-POR00030;;s209
L05-POR00031;;ddfpt
L05-POR00032;;ddfpt
L05-POR00033;;ddfpt
L05-POR00034;;ddfpt
L05-POR00035;;ddfpt
L05-POR00036;;s201
L05-POR00037;;ddfpt
L05-POR00038;;ddfpt
L05-POR00039;;HS
L05-POR00040;;ddfpt
L05-POR00041;;ddfpt
L05-POR00042;mobile;charriot1
L05-POR00043;mobile;charriot1
L05-POR00044;mobile;charriot1
L05-POR00045;mobile;charriot1
L05-POR00046;mobile;charriot1
L05-POR00047;mobile;charriot1
L05-POR00048;mobile;charriot1
L05-POR00049;mobile;charriot1
L05-POR00050;mobile;charriot1
L05-POR00051;mobile;charriot1
L05-POR00052;mobile;charriot1
L05-POR00053;mobile;charriot1
L05-POR00054;mobile;charriot1
L05-POR00055;mobile;charriot1
L05-POR00056;mobile;charriot1
L05-POR00057;mobile;charriot1
L05-POR00058;mobile;charriot2
L05-POR00059;mobile;charriot2
L05-POR00060;mobile;charriot2
L05-POR00061;mobile;charriot2
L05-POR00062;mobile;charriot2
L05-POR00063;mobile;charriot2
L05-POR00064;mobile;charriot2
L05-POR00065;mobile;charriot2
L05-POR00066;mobile;charriot2
L05-POR00067;mobile;charriot2
L05-POR00068;mobile;charriot2
L05-POR00069;mobile;charriot2
L05-POR00070;mobile;charriot2
L05-POR00071;mobile;charriot2
L05-POR00072;mobile;charriot2
L05-POR00073;mobile;charriot2
L05-POR00074;;ddfpt
